<?xml version="1.0" encoding="UTF-8"?>
<project-private xmlns="http://www.netbeans.org/ns/project-private/1">
    <editor-bookmarks xmlns="http://www.netbeans.org/ns/editor-bookmarks/2" lastBookmarkId="0"/>
    <open-files xmlns="http://www.netbeans.org/ns/projectui-open-files/2">
        <group>
            <file>file:/D:/Sem4/Java/java%20projects/TransportMgtSystem/src/view/AdminPage.java</file>
            <file>file:/D:/Sem4/Java/java%20projects/TransportMgtSystem/src/view/AdminPages/CreateJourney.java</file>
            <file>file:/D:/Sem4/Java/java%20projects/TransportMgtSystem/src/Dao/JourneyDao.java</file>
        </group>
    </open-files>
</project-private>
